Model,Accuracy,Precision,Recall,F1 Score
Baseline,0.8888888888888888,0.8333333333333334,1.0,0.9090909090909091
Improved,0.4444444444444444,0.5,0.6,0.5454545454545454
